"account","amount","date","description","type"
"4791486375",-3.85,1447928008175,"Cancer Research","CAW"
"4791486375",-22.08,1447906570367,"Payment received thank you","CCD"
"4715980194554981",22.08,1447882672786,"Payment received thank you","CCD"
"99520376",-8.25,1447945053816,"Transfer from Current Account to Savings","SAW"
"4791486375",8.25,1447944950167,"Transfer from Current Account to Savings","SAW"
"4791486375",-21.68,1448022647885,"McColls","CAW"
"4715980194554981",-0.01,1447984291473,"Save the Children","CCW"
"4791486375",-29.76,1447996905562,"Payment received thank you","CCD"
"4715980194554981",29.76,1447951451359,"Payment received thank you","CCD"
"4715980194554981",-19.57,1447974864049,"Lidl","CCW"
"4715980194554981",-15.93,1448004449431,"GWR","CCW"
"4715980194554981",-0.01,1448024432867,"Save the Children","CCW"
"4715980194554981",-39.82,1448033334815,"Lush","CCW"
"4715980194554981",-8.37,1447953019598,"Hitachi Personal Finance","CCW"
"99520376",12.85,1448013091735,"Transfer from Savings to Current Account","SAD"
"4791486375",-12.85,1448007280046,"Transfer from Savings to Current Account","SAD"
"4791486375",-24.82,1448067703190,"Groupon","CAW"
"4791486375",-35.25,1448119533539,"Odeon Cinemas","CAW"
"4791486375",-0.01,1448118843332,"Barclaycard","CAW"
"4791486375",-18.13,1448090197075,"Sports Direct","CAW"
"4791486375",-20.07,1448069049302,"Uber","CAW"
"4791486375",-6.97,1448087894095,"Cancer Research","CAW"
"4715980194554981",-13.78,1448041067292,"Groupon","CCW"
"4791486375",-11.07,1448205612732,"Hitachi Personal Finance","CAW"
"4715980194554981",-26.84,1448191445403,"Sports Direct","CCW"
"4791486375",-7.99,1448137437483,"Payment received thank you","CCD"
"4715980194554981",7.99,1448206317650,"Payment received thank you","CCD"
"4791486375",0.9,1448276739948,"Lori Alexander","CAD"
"4791486375",-5.88,1448273641455,"Primark","CAW"
"4791486375",-5.88,1448284426496,"Save the Children","CAW"
"99520376",-13.14,1448257690149,"Transfer from Current Account to Savings","SAW"
"4791486375",13.14,1448232789476,"Transfer from Current Account to Savings","SAW"
"4791486375",-0.56,1448358126542,"Thames Water","D/D"
"4791486375",-3.52,1448315392780,"WWF","CAW"
"4791486375",-20.06,1448462481138,"Groupon","CAW"
"4791486375",9.24,1448431280843,"Nicole Bailey","CAD"
"4791486375",-18.15,1448382717756,"Groupon","CAW"
"4715980194554981",-4.06,1448447783167,"Barclaycard","CCW"
"4791486375",1800,1448472100963,"Salary BACS Payment","BAC"
"4791486375",-10.43,1448549727417,"Odeon Cinemas","CAW"
"4791486375",-10.71,1448522365161,"National Rail","CAW"
"4791486375",-7.97,1448629547699,"Sky Digital","D/D"
"4715980194554981",-0.61,1448610128322,"Hitachi Personal Finance","CCW"
"4791486375",-7.6,1448698128891,"Lidl","CAW"
"4791486375",-24.23,1448723055507,"Sports Direct","CAW"
"4791486375",-18.79,1448738474254,"GWR","CAW"
"4791486375",2.91,1448795722853,"Alan Scott","CAD"
"4791486375",-5.84,1448755257437,"Sports Direct","CAW"
"4715980194554981",-14.94,1448754292846,"Supercuts","CCW"
"4791486375",-17.7,1448866214438,"Matalan","CAW"
"4791486375",-11.91,1448873621844,"Groupon","CAW"
"4791486375",-36.07,1448833937157,"Groupon","CAW"
"4791486375",-0.01,1448812256908,"Save the Children","CAW"
"4791486375",-19.34,1448834472946,"Superdrug","CAW"
"4791486375",-32.41,1448909959064,"Superdrug","CAW"
"4715980194554981",-4.53,1448901976460,"Supercuts","CCW"
"4791486375",-2.13,1449046882159,"NBS Personal Loan","D/D"
"4791486375",-2.09,1449056753895,"Wonga","CAW"
"4791486375",-12.04,1449036805693,"Spotify","CAW"
"4791486375",-0.01,1449130949986,"Primark","CAW"
"4791486375",-1.32,1449072583173,"WWF","CAW"
"4791486375",-10.28,1449150286571,"Hitachi Personal Finance","CAW"
"4791486375",-14.09,1449136328753,"Lush","CAW"
"4791486375",-16.03,1449084634867,"Save the Children","CAW"
"4791486375",-19.54,1449077905373,"Lidl","CAW"
"4791486375",-0.01,1449073459202,"Shelter","CAW"
"4791486375",-41.41,1449074644280,"Matalan","CAW"
"4791486375",-29.14,1449209418503,"Odeon Cinemas","CAW"
"4791486375",13.4,1449165790847,"Nicole Bailey","CAD"
"4791486375",-6.71,1449169177656,"Lidl","CAW"
"4791486375",-6.35,1449176309660,"RSPCA","CAW"
"4791486375",-3.22,1449164262713,"Payment received thank you","CCD"
"4715980194554981",3.22,1449228563035,"Payment received thank you","CCD"
"4791486375",-103.55,1449189621289,"Payment received thank you","CCD"
"4715980194554981",103.55,1449206963175,"Payment received thank you","CCD"
"4715980194554981",-2.99,1449203095359,"Sports Direct","CCW"
"4791486375",-9.09,1449260073548,"Lush","CAW"
"4791486375",-0.01,1449291579937,"RSPCA","CAW"
"4791486375",-18.15,1449304248778,"National Rail","CAW"
"4791486375",-7.43,1449247241380,"WWF","CAW"
"4791486375",-5.05,1449295546555,"Oxfam","CAW"
"4791486375",-3.87,1449314157840,"RSPCA","CAW"
"4791486375",-9.57,1449307364141,"National Rail","CAW"
"4791486375",17.06,1449307615685,"Interest","CAD"
"4791486375",-9.05,1449260988517,"McColls","CAW"
"4791486375",-16.87,1449268279291,"National Rail","CAW"
"4791486375",-0.01,1449265992835,"American Express","CAW"
"4791486375",-22.59,1449278239981,"Odeon Cinemas","CAW"
"4791486375",-9.75,1449276940465,"Wonga","CAW"
"4791486375",-19.39,1449255441889,"Sports Direct","CAW"
"4715980194554981",-12.69,1449271128829,"Supercuts","CCW"
"99520376",-7.91,1449302698009,"Transfer from Current Account to Savings","SAW"
"4791486375",7.91,1449308369027,"Transfer from Current Account to Savings","SAW"
"4791486375",-9.86,1449368258275,"National Rail","CAW"
"4791486375",-20.28,1449481367794,"Virgin Media","D/D"
"4791486375",-25.59,1449449707051,"Sports Direct","CAW"
"4791486375",-20.79,1449496315015,"Payment received thank you","CCD"
"4715980194554981",20.79,1449457733098,"Payment received thank you","CCD"
"4715980194554981",-0.01,1449490387536,"Oxfam","CCW"
"4715980194554981",-30.41,1449444038737,"Primark","CCW"
"4715980194554981",-1.49,1449474102627,"RSPCA","CCW"
"4715980194554981",-1.65,1449500515664,"Groupon","CCW"
"4715980194554981",-6.21,1449436856799,"Save the Children","CCW"
"99520376",-13.1,1449475806713,"Transfer from Current Account to Savings","SAW"
"4791486375",13.1,1449446955634,"Transfer from Current Account to Savings","SAW"
"4791486375",9.42,1449540568258,"Denise Patterson","CAD"
"4791486375",-22.61,1449557223298,"Lidl","CAW"
"4791486375",-540,1449637307061,"Rent","D/D"
"4791486375",-21.8,1449672644895,"McColls","CAW"
"4791486375",-12.7,1449671289691,"Bodyshop","CAW"
"4791486375",-7.75,1449601315400,"Groupon","CAW"
"99520376",-3.53,1449650336512,"Transfer from Current Account to Savings","SAW"
"4791486375",3.53,1449608095105,"Transfer from Current Account to Savings","SAW"
"4791486375",6.83,1449725085247,"Brenda Ward","CAD"
"4791486375",-7.09,1449783890172,"Shelter","CAW"
"4791486375",-1.69,1449814251135,"Primark","CAW"
"4791486375",-29.87,1449767213228,"Spotify","CAW"
"4791486375",-19.3,1449799858840,"Hitachi Personal Finance","CAW"
"4791486375",-0.01,1449811459265,"Shelter","CAW"
"4791486375",10.98,1449887142312,"Nicole Bailey","CAD"
"4791486375",-15.99,1449881430849,"Lidl","CAW"
"4791486375",0.96,1449853657977,"Brenda Ward","CAD"
"99520376",-11.35,1449857458036,"Transfer from Current Account to Savings","SAW"
"4791486375",11.35,1449871956510,"Transfer from Current Account to Savings","SAW"
"4791486375",-14.04,1450017482594,"Odeon Cinemas","CAW"
"4791486375",-8.42,1449971343619,"Bodyshop","CAW"
"4791486375",-21.07,1449965671192,"Lush","CAW"
"4791486375",12.19,1450073903527,"Denise Patterson","CAD"
"4791486375",-174.16,1450066803039,"Payment received thank you","CCD"
"4715980194554981",174.16,1450105597010,"Payment received thank you","CCD"
"4715980194554981",-0.01,1450088229636,"Shelter","CCW"
"4715980194554981",-2.11,1450053890255,"Barclaycard","CCW"
"4791486375",-5.29,1450115541170,"Cancer Research","CAW"
"4791486375",10,1450107764441,"Alan Scott","CAD"
"4791486375",-8.43,1450190838458,"Save the Children","CAW"
"4791486375",-11.6,1450163833593,"Spotify","CAW"
"4715980194554981",-5.1,1450142514740,"Matalan","CCW"
"4791486375",1.16,1450315028498,"Alan Scott","CAD"
"4791486375",-6.04,1450322463180,"Payment received thank you","CCD"
"4715980194554981",6.04,1450302039470,"Payment received thank you","CCD"
"4715980194554981",-4.48,1450322090674,"American Express","CCW"
"4791486375",0.74,1450394624979,"Nicole Bailey","CAD"
"4791486375",-9.51,1450413891527,"Superdrug","CAW"
"4715980194554981",-14.71,1450487159233,"Shelter","CCW"
"4791486375",25.91,1450564803809,"Interest","CAD"
"4791486375",-0.01,1450621079449,"Matalan","CAW"
"4715980194554981",-0.01,1450564226926,"Cancer Research","CCW"
"4715980194554981",-20.49,1450604184676,"National Rail","CCW"
"4715980194554981",-24.32,1450617271029,"Subway","CCW"
"99520376",-26.04,1450558005957,"Transfer from Current Account to Savings","SAW"
"4791486375",26.04,1450544217980,"Transfer from Current Account to Savings","SAW"
"4791486375",-14.25,1450634584151,"Uber","CAW"
"4715980194554981",-25.04,1450646290349,"McColls","CCW"
"4791486375",-14.96,1450746588764,"GWR","CAW"
"4791486375",7.34,1450770988639,"Denise Patterson","CAD"
"4791486375",-11.3,1450776068246,"Bodyshop","CAW"
"4715980194554981",-0.01,1450789439667,"American Express","CCW"
"4715980194554981",-6.92,1450730085712,"McColls","CCW"
"4715980194554981",-4.33,1450776715642,"Save the Children","CCW"
"4715980194554981",-0.01,1450759875021,"Cancer Research","CCW"
"4715980194554981",-8.98,1450720942330,"Uber","CCW"
"4715980194554981",-9.3,1450723198730,"Uber","CCW"
"4715980194554981",-6.26,1450794634048,"Oxfam","CCW"
"4791486375",1.47,1450820406834,"Nicole Bailey","CAD"
"4715980194554981",-10.51,1450821955995,"Oxfam","CCW"
"4791486375",-0.56,1450950860105,"Thames Water","D/D"
"4791486375",-5.29,1450984818976,"Lush","CAW"
"4791486375",-6.61,1451044299944,"Cancer Research","CAW"
"4791486375",2.97,1451054797089,"Alan Scott","CAD"
"4791486375",2.49,1450986758041,"Denise Patterson","CAD"
"4791486375",1800,1451130448433,"Salary BACS Payment","BAC"
"4791486375",-5.27,1451133223409,"Groupon","CAW"
"4791486375",-8.08,1451118437309,"Lidl","CAW"
"4791486375",-24.08,1451105397267,"Primark","CAW"
"4791486375",-5.12,1451109973676,"Hitachi Personal Finance","CAW"
"4791486375",-14.51,1451060471917,"Subway","CAW"
"4791486375",6.95,1451138594406,"Brenda Ward","CAD"
"4791486375",-1.43,1451080511696,"Payment received thank you","CCD"
"4715980194554981",1.43,1451085139005,"Payment received thank you","CCD"
"4791486375",-7.97,1451178876114,"Sky Digital","D/D"
"4791486375",-11.44,1451184053293,"Lidl","CAW"
"4791486375",4.47,1451155573850,"Alan Scott","CAD"
"4791486375",-8.35,1451203112972,"Hitachi Personal Finance","CAW"
"4791486375",-0.01,1451179033594,"Groupon","CAW"
"4791486375",-22.5,1451152748596,"Superdrug","CAW"
"4791486375",-12.73,1451199766429,"Shelter","CAW"
"4791486375",-5.67,1451220580726,"Barclaycard","CAW"
"4791486375",-0.27,1451189195908,"Hitachi Personal Finance","CAW"
"4791486375",-10.45,1451172744712,"National Rail","CAW"
"4791486375",-18.97,1451148890667,"Subway","CAW"
"4791486375",-15.9,1451153447336,"McColls","CAW"
"4791486375",0.1,1451187314137,"Denise Patterson","CAD"
"4791486375",-14.78,1451183880754,"Lush","CAW"
"4791486375",-24.71,1451190127435,"Subway","CAW"
"4791486375",-9.04,1451285611232,"Wonga","CAW"
"4791486375",-9.82,1451237175840,"Odeon Cinemas","CAW"
"4791486375",-19.08,1451239419985,"Matalan","CAW"
"4791486375",-13.71,1451330779359,"Uber","CAW"
"4791486375",8.2,1451377547732,"Denise Patterson","CAD"
"4791486375",-23.56,1451387091831,"Superdrug","CAW"
"4791486375",-19.41,1451380624172,"Uber","CAW"
"4791486375",-157.38,1451367221174,"Payment received thank you","CCD"
"4715980194554981",157.38,1451365779479,"Payment received thank you","CCD"
"4791486375",-42.59,1451322059284,"Payment received thank you","CCD"
"4715980194554981",42.59,1451379172496,"Payment received thank you","CCD"
"4715980194554981",-3.94,1451371323158,"Spotify","CCW"
"4791486375",-14.11,1451486778209,"National Rail","CAW"
"4791486375",-8.82,1451437064708,"National Rail","CAW"
"4715980194554981",-10.08,1451443500843,"Uber","CCW"
"4715980194554981",-10.65,1451480041854,"Hitachi Personal Finance","CCW"
"4715980194554981",-11.86,1451467972636,"Odeon Cinemas","CCW"
"4715980194554981",-16.08,1451443632626,"Bodyshop","CCW"
"4715980194554981",-2,1451476992840,"Save the Children","CCW"
"4715980194554981",-21.18,1451413322594,"Groupon","CCW"
"4791486375",-9.88,1451467219274,"Payment received thank you","CCD"
"4715980194554981",9.88,1451473850450,"Payment received thank you","CCD"
"4715980194554981",-4.33,1451403938939,"Save the Children","CCW"
"99520376",-8.55,1451426662485,"Transfer from Current Account to Savings","SAW"
"4791486375",8.55,1451480965892,"Transfer from Current Account to Savings","SAW"
"4791486375",-2.18,1451562577404,"Shelter","CAW"
"4791486375",-27.17,1451583286426,"Superdrug","CAW"
"4791486375",19.29,1451635825272,"Alan Scott","CAD"
"4715980194554981",-13.52,1451656292869,"Spotify","CCW"
"4715980194554981",-11.27,1451581418394,"National Rail","CCW"
"4791486375",-2.13,1451724719124,"NBS Personal Loan","D/D"
"4791486375",-55.43,1451696571626,"Payment received thank you","CCD"
"4715980194554981",55.43,1451692686381,"Payment received thank you","CCD"
"4715980194554981",-23.74,1451833019960,"National Rail","CCW"
"4791486375",-9.87,1451835300394,"Payment received thank you","CCD"
"4715980194554981",9.87,1451778503632,"Payment received thank you","CCD"
"4791486375",-3.74,1451844832068,"Shelter","CAW"
"4791486375",-3.52,1451879232475,"Matalan","CAW"
"4715980194554981",-8.25,1451958164186,"Superdrug","CCW"
"4715980194554981",-7.33,1452006461526,"Uber","CCW"
"4791486375",-10.21,1451938068905,"Payment received thank you","CCD"
"4715980194554981",10.21,1451935812823,"Payment received thank you","CCD"
"4715980194554981",-3.77,1451932087773,"Bodyshop","CCW"
"4791486375",-28.29,1452036704832,"Lush","CAW"
"4791486375",-14.46,1452069806895,"Supercuts","CAW"
"4715980194554981",-0.01,1452051618950,"Cancer Research","CCW"
"4791486375",-20.28,1452169893208,"Virgin Media","D/D"
"4791486375",-1.61,1452146318524,"Cancer Research","CAW"
"4791486375",-8.5,1452176830756,"Shelter","CAW"
"4791486375",-4.08,1452115015993,"Save the Children","CAW"
"4791486375",-6.99,1452134058928,"RSPCA","CAW"
"4791486375",-14.74,1452124102984,"Odeon Cinemas","CAW"
"4791486375",-13.52,1452101632336,"Matalan","CAW"
"4791486375",-12.1,1452100625031,"GWR","CAW"
"99520376",-6.15,1452136790566,"Transfer from Current Account to Savings","SAW"
"4791486375",6.15,1452097661642,"Transfer from Current Account to Savings","SAW"
"4791486375",-1.73,1452215215945,"McColls","CAW"
"4791486375",-12.62,1452232590148,"Spotify","CAW"
"4791486375",-62.38,1452211886185,"Payment received thank you","CCD"
"4715980194554981",62.38,1452192721417,"Payment received thank you","CCD"
"4715980194554981",-16.7,1452257050085,"Subway","CCW"
"4715980194554981",-0.34,1452227819048,"WWF","CCW"
"4791486375",-540,1452318104842,"Rent","D/D"
"4791486375",-24.08,1452346883003,"GWR","CAW"
"4791486375",-0.01,1452316539878,"Wonga","CAW"
"4791486375",-2.97,1452310074369,"Supercuts","CAW"
"4715980194554981",-13.05,1452268031929,"Sports Direct","CCW"
"4791486375",-0.14,1452386808913,"Odeon Cinemas","CAW"
"4791486375",-24.52,1452388462653,"Subway","CAW"
"4791486375",6.18,1452397950520,"Denise Patterson","CAD"
"4791486375",-2.83,1452368720052,"Barclaycard","CAW"
"4791486375",-18.78,1452425332003,"Primark","CAW"
"4791486375",-2.74,1452372192337,"Sports Direct","CAW"
"4715980194554981",-24.8,1452409027194,"Matalan","CCW"
"4791486375",-12,1452525186610,"Groupon","CAW"
"4791486375",-25.1,1452446037493,"Superdrug","CAW"
"4791486375",-15.35,1452489165994,"Sports Direct","CAW"
"4791486375",8.87,1452494058184,"Denise Patterson","CAD"
"4791486375",-30.25,1452507536625,"McColls","CAW"
"4791486375",-11.67,1452537862999,"Bodyshop","CAW"
"4791486375",-27.32,1452746463744,"Lidl","CAW"
"4715980194554981",-11.49,1452732447773,"National Rail","CCW"
"4791486375",1.18,1452848554581,"Interest","CAD"
"4791486375",-23.03,1453028484864,"Spotify","CAW"
"4791486375",-5.8,1453214636096,"Wonga","CAW"
"4791486375",5.3,1453289572306,"Denise Patterson","CAD"
"99520376",-8.97,1453342559384,"Transfer from Current Account to Savings","SAW"
"4791486375",8.97,1453375324029,"Transfer from Current Account to Savings","SAW"
"4791486375",-0.01,1453393392393,"Hitachi Personal Finance","CAW"
"4791486375",1.12,1453524878990,"Nicole Bailey","CAD"
"4791486375",-27.87,1453518456407,"Odeon Cinemas","CAW"
"4791486375",-9.94,1453496597388,"Hitachi Personal Finance","CAW"
"4715980194554981",-9.15,1453526212085,"National Rail","CCW"
"99520376",-4.5,1453562211974,"Transfer from Current Account to Savings","SAW"
"4791486375",4.5,1453522712746,"Transfer from Current Account to Savings","SAW"
"4791486375",-0.56,1453643034357,"Thames Water","D/D"
"4791486375",-1.04,1453593911769,"Oxfam","CAW"
"4791486375",-17.69,1453612108621,"GWR","CAW"
"4791486375",1800,1453773033136,"Salary BACS Payment","BAC"
"4791486375",-7.97,1453875553228,"Sky Digital","D/D"
"4791486375",-30.53,1453836736330,"Sports Direct","CAW"
"99520376",-7.58,1453851073785,"Transfer from Current Account to Savings","SAW"
"4791486375",7.58,1453824075791,"Transfer from Current Account to Savings","SAW"
"4791486375",-11.59,1453985312320,"Shelter","CAW"
"4791486375",-5.97,1453957751353,"Sports Direct","CAW"
"4791486375",1.91,1453919646659,"Interest","CAD"
"4791486375",1.32,1453910401948,"Nicole Bailey","CAD"
"4791486375",-2.32,1453940159540,"Save the Children","CAW"
"4791486375",-33.86,1453963625255,"Supercuts","CAW"
"4791486375",-12.21,1454074944155,"National Rail","CAW"
"4791486375",-27.43,1454079140761,"Supercuts","CAW"
"4791486375",-23.48,1454035271813,"Spotify","CAW"
"4791486375",-2.67,1454019354058,"RSPCA","CAW"
"4791486375",-8.76,1454026171267,"Matalan","CAW"
"4791486375",-10.85,1454046015094,"Lidl","CAW"
"4791486375",-26,1453999219130,"Bodyshop","CAW"
"4791486375",-2.54,1454007781947,"Spotify","CAW"
"4791486375",-12.48,1454063582461,"GWR","CAW"
"4791486375",-34.8,1453999622065,"Payment received thank you","CCD"
"4715980194554981",34.8,1454044194759,"Payment received thank you","CCD"
"4715980194554981",-15.67,1454046781379,"GWR","CCW"
"4791486375",-6.74,1454097830930,"Wonga","CAW"
"4791486375",-0.01,1454165631124,"Subway","CAW"
"4715980194554981",-19.67,1454141040370,"Sports Direct","CCW"
"4791486375",-6.05,1454228479709,"Groupon","CAW"
"4791486375",1.26,1454240153929,"Lori Alexander","CAD"
"4791486375",-13.7,1454200294360,"Primark","CAW"
"4791486375",-19.35,1454227148478,"Groupon","CAW"
"4791486375",3.53,1454198910248,"Lori Alexander","CAD"
"4791486375",-19.77,1454210229060,"Uber","CAW"
"4791486375",-2.34,1454219516222,"Primark","CAW"
"4791486375",-2.12,1454273947078,"Oxfam","CAW"
"4791486375",-4.03,1454289966062,"Shelter","CAW"
"4791486375",-8.94,1454323436747,"Spotify","CAW"
"4791486375",-7.75,1454305268783,"WWF","CAW"
"4791486375",-2.13,1454412883229,"NBS Personal Loan","D/D"
"4791486375",-11.43,1454421110162,"Shelter","CAW"
"4791486375",-13.88,1454345994742,"Uber","CAW"
"4791486375",-70.92,1454455847186,"Payment received thank you","CCD"
"4715980194554981",70.92,1454463329163,"Payment received thank you","CCD"
"4715980194554981",-13.34,1454486540834,"Uber","CCW"
"4791486375",-66.67,1454516948960,"Payment received thank you","CCD"
"4715980194554981",66.67,1454567064770,"Payment received thank you","CCD"
"4715980194554981",-17.24,1454662091593,"National Rail","CCW"
"4715980194554981",-6.46,1454667966823,"GWR","CCW"
"4791486375",-21.1,1454771637503,"McColls","CAW"
"4791486375",-20.72,1454706179780,"National Rail","CAW"
"4791486375",-9.82,1454766227051,"RSPCA","CAW"
"4791486375",-177.65,1454741991116,"Payment received thank you","CCD"
"4715980194554981",177.65,1454751503093,"Payment received thank you","CCD"
"4791486375",-20.28,1454826473601,"Virgin Media","D/D"
"4791486375",-3.38,1454804326012,"RSPCA","CAW"
"99520376",-2.96,1454805415799,"Transfer from Current Account to Savings","SAW"
"4791486375",2.96,1454813082647,"Transfer from Current Account to Savings","SAW"
"4715980194554981",-3.56,1454905091415,"Odeon Cinemas","CCW"
"4715980194554981",-19.79,1454867169070,"Groupon","CCW"
"4715980194554981",-10.54,1454873581094,"Groupon","CCW"
"4791486375",-136.12,1454903965007,"Payment received thank you","CCD"
"4715980194554981",136.12,1454909662736,"Payment received thank you","CCD"
"4791486375",-161.09,1454918216915,"Payment received thank you","CCD"
"4715980194554981",161.09,1454892842110,"Payment received thank you","CCD"
"99520376",-5.04,1454930204712,"Transfer from Current Account to Savings","SAW"
"4791486375",5.04,1454935451678,"Transfer from Current Account to Savings","SAW"
"4791486375",-540,1455026152686,"Rent","D/D"
"4715980194554981",-25.39,1455036272721,"Lidl","CCW"
"4715980194554981",-0.01,1455066522658,"WWF","CCW"
"4715980194554981",-20.68,1455036265271,"Lidl","CCW"
"4715980194554981",-8.8,1455142049078,"Oxfam","CCW"
"4715980194554981",-12.52,1455203932017,"Sports Direct","CCW"
"99520376",0,1455190429626,"Transfer from Savings to Current Account","SAD"
"4791486375",0,1455124918168,"Transfer from Savings to Current Account","SAD"
"4791486375",0.61,1455356872519,"Lori Alexander","CAD"
"4715980194554981",-12.04,1455354107917,"Wonga","CCW"
"99520376",-24.51,1455346706274,"Transfer from Current Account to Savings","SAW"
"4791486375",24.51,1455305611622,"Transfer from Current Account to Savings","SAW"
"4791486375",4.34,1455577327768,"Alan Scott","CAD"
"4791486375",0.88,1455608747045,"Lori Alexander","CAD"
"99520376",-2.21,1455568557485,"Transfer from Current Account to Savings","SAW"
"4791486375",2.21,1455626833349,"Transfer from Current Account to Savings","SAW"
"4715980194554981",-0.98,1455685502381,"WWF","CCW"
"4715980194554981",-15.54,1455715577266,"Lidl","CCW"
"99520376",-1.9200000000000204,1455718089546,"Transfer from Current Account to Savings","SAW"
"4791486375",1.9200000000000204,1455717288814,"Transfer from Current Account to Savings","SAW"
"99520376",0,1455744413546,"Transfer from Current Account to Savings","SAW"
"4791486375",0,1455733056986,"Transfer from Current Account to Savings","SAW"
"4791486375",8.43,1455861315760,"Interest","CAD"
"4791486375",0.85,1455811191231,"Nicole Bailey","CAD"
"4791486375",0.71,1455963392095,"Nicole Bailey","CAD"
"4715980194554981",-0.01,1455976719420,"Shelter","CCW"
"4791486375",23.4,1456057002314,"Denise Patterson","CAD"
"4715980194554981",-6.9,1456138082185,"Lidl","CCW"
"4715980194554981",-22.92,1456130265231,"Matalan","CCW"
"4715980194554981",-6.35,1456101873977,"RSPCA","CCW"
"99520376",0,1456206903089,"Transfer from Current Account to Savings","SAW"
"4791486375",0,1456203827144,"Transfer from Current Account to Savings","SAW"
"4791486375",-0.56,1456274834048,"Thames Water","D/D"
"4715980194554981",-0.01,1456319698365,"Hitachi Personal Finance","CCW"
"4791486375",1800,1456444235174,"Salary BACS Payment","BAC"
"4715980194554981",-0.01,1456485077733,"Spotify","CCW"
"4715980194554981",-21.36,1456447788444,"Bodyshop","CCW"
"99520376",0,1456466680620,"Transfer from Current Account to Savings","SAW"
"4791486375",0,1456498448223,"Transfer from Current Account to Savings","SAW"
"4791486375",-7.97,1456516032810,"Sky Digital","D/D"
"4791486375",-6.68,1456521168565,"Hitachi Personal Finance","CAW"
"4791486375",-0.01,1456656898689,"Lush","CAW"
"4791486375",5.29,1456652313788,"Denise Patterson","CAD"
"4791486375",-18.14,1456638971143,"Groupon","CAW"
"4791486375",-24.04,1456590701276,"GWR","CAW"
"4715980194554981",-18.22,1456637140641,"GWR","CCW"
"4715980194554981",-14.44,1456592696031,"Shelter","CCW"
"4715980194554981",-11.69,1456603810995,"Subway","CCW"
"99520376",0,1456598643601,"Transfer from Current Account to Savings","SAW"
"4791486375",0,1456658729568,"Transfer from Current Account to Savings","SAW"
"4791486375",-11.22,1456735663954,"National Rail","CAW"
"4791486375",-18.73,1456733080005,"National Rail","CAW"
"4791486375",0.65,1456717138645,"Brenda Ward","CAD"
"4791486375",2.87,1456693081421,"Lori Alexander","CAD"
"4791486375",-0.01,1456779665799,"Supercuts","CAW"
"4791486375",-21.13,1456815341903,"Matalan","CAW"
"4791486375",-15.67,1456846160605,"Sports Direct","CAW"
"4791486375",-11.68,1456829152310,"Payment received thank you","CCD"
"4715980194554981",11.68,1456785148249,"Payment received thank you","CCD"
"4791486375",-2.13,1456881703757,"NBS Personal Loan","D/D"
"4791486375",-15.84,1456922637708,"Uber","CAW"
"4791486375",-8.76,1456916388230,"Shelter","CAW"
"4791486375",-4.47,1456900458398,"WWF","CAW"
"4791486375",-18.02,1456913283956,"National Rail","CAW"
"4715980194554981",-10.84,1456923625035,"Uber","CCW"
"4791486375",-0.01,1456971566870,"Superdrug","CAW"
"4791486375",-3.13,1457002444105,"American Express","CAW"
"4791486375",-15.33,1456968386203,"Groupon","CAW"
"4791486375",-9.88,1456944206421,"Hitachi Personal Finance","CAW"
"4791486375",-0.44,1456962190828,"Barclaycard","CAW"
"4791486375",-8.25,1456946660065,"Payment received thank you","CCD"
"4715980194554981",8.25,1457000058983,"Payment received thank you","CCD"
"4791486375",-3.75,1457032894184,"Cancer Research","CAW"
"4715980194554981",-30.09,1457051311955,"Lush","CCW"
"4715980194554981",-10.35,1457100343668,"GWR","CCW"
"4715980194554981",-1.65,1457095138527,"Wonga","CCW"
"4715980194554981",-9,1457064134370,"Oxfam","CCW"
"4791486375",-13.49,1457159836412,"McColls","CAW"
"4791486375",-24.59,1457134380947,"Matalan","CAW"
"4715980194554981",-9.92,1457158163234,"Shelter","CCW"
"4715980194554981",-26.95,1457135252245,"Matalan","CCW"
"4715980194554981",-14.44,1457175641102,"Uber","CCW"
"4791486375",-17.6,1457215181948,"GWR","CAW"
"4791486375",-11.16,1457263837849,"Odeon Cinemas","CAW"
"4791486375",-20.28,1457341682263,"Virgin Media","D/D"
"4715980194554981",-13.2,1457367135904,"Superdrug","CCW"
"4715980194554981",-19.03,1457391459031,"GWR","CCW"
"4791486375",-124.54,1457398924757,"Payment received thank you","CCD"
"4715980194554981",124.54,1457448907061,"Payment received thank you","CCD"
"4715980194554981",-20.23,1457427645883,"Sports Direct","CCW"
"4791486375",-540,1457513891539,"Rent","D/D"
"4791486375",-20.41,1457492170146,"Lush","CAW"
"4791486375",-7.2,1457460980267,"Lush","CAW"
"4715980194554981",-3.04,1457509288044,"Save the Children","CCW"
"4791486375",-21.63,1457584211547,"McColls","CAW"
"4791486375",-20.45,1457550338490,"GWR","CAW"
"4715980194554981",-9.02,1457676142205,"Lidl","CCW"
"4791486375",-298.7,1457692869097,"Payment received thank you","CCD"
"4715980194554981",298.7,1457699201403,"Payment received thank you","CCD"
"4791486375",-27.7,1457715305003,"Subway","CAW"
"4715980194554981",-39.5,1457720149757,"Odeon Cinemas","CCW"
"4715980194554981",-12.42,1457775737564,"GWR","CCW"
"4791486375",-0.01,1457839329640,"Bodyshop","CAW"
"4715980194554981",-0.01,1457810394861,"Oxfam","CCW"
"4791486375",-0.39,1457895338385,"Wonga","CAW"
"4791486375",-9.92,1457931126326,"Odeon Cinemas","CAW"
"4791486375",2.78,1457937975082,"Brenda Ward","CAD"
"4791486375",-0.53,1457910695776,"Sports Direct","CAW"
"4715980194554981",-22.74,1457943169524,"Uber","CCW"
"4715980194554981",-0.01,1457893838750,"Shelter","CCW"
"99520376",0,1457936523044,"Transfer from Current Account to Savings","SAW"
"4791486375",0,1457938642765,"Transfer from Current Account to Savings","SAW"
"4715980194554981",-0.47,1458030616757,"RSPCA","CCW"
"99520376",0,1457976376724,"Transfer from Current Account to Savings","SAW"
"4791486375",0,1458034558556,"Transfer from Current Account to Savings","SAW"
"4791486375",-12.04,1458129703229,"GWR","CAW"
"4715980194554981",-3.95,1458097281974,"Oxfam","CCW"
"4715980194554981",-3.71,1458111280505,"RSPCA","CCW"
"4715980194554981",-26.76,1458058036888,"Superdrug","CCW"
"4715980194554981",-17.81,1458074314527,"Uber","CCW"
"4715980194554981",-1.61,1458069660612,"Save the Children","CCW"
"99520376",0,1458096545766,"Transfer from Current Account to Savings","SAW"
"4791486375",0,1458108590465,"Transfer from Current Account to Savings","SAW"
"4791486375",-30.08,1458150179983,"Matalan","CAW"
"4791486375",-0.01,1458145984911,"Bodyshop","CAW"
"4791486375",-13.8,1458211506147,"WWF","CAW"
"4791486375",-18.85,1458157614040,"Superdrug","CAW"
"4791486375",-10.6,1458187245874,"Lidl","CAW"
"4715980194554981",-4.42,1458225928571,"American Express","CCW"
"4791486375",0.59,1458235333140,"Lori Alexander","CAD"
"4715980194554981",-18.88,1458280380265,"GWR","CCW"
"4715980194554981",-2.33,1458261834033,"Oxfam","CCW"
"4791486375",12.63,1458379152344,"Lori Alexander","CAD"
"4715980194554981",-6.8,1458330581721,"Uber","CCW"
"4715980194554981",-9.88,1458368689598,"Save the Children","CCW"
"4791486375",-6.78,1458416973448,"Bodyshop","CAW"
"4715980194554981",-31.9,1458477153367,"Lush","CCW"
"4715980194554981",-31.81,1458408883387,"Primark","CCW"
"4715980194554981",-6.73,1458517982196,"Save the Children","CCW"
"4715980194554981",-7.89,1458570378290,"GWR","CCW"
"4715980194554981",-0.01,1458537483513,"Odeon Cinemas","CCW"
"4715980194554981",-12.12,1458653978185,"Supercuts","CCW"
"4791486375",11.72,1458736110661,"Nicole Bailey","CAD"
"4791486375",7.68,1458698597045,"Alan Scott","CAD"
"4791486375",-2.68,1458747060719,"Supercuts","CAW"
"4791486375",-0.56,1458826842364,"Thames Water","D/D"
"4791486375",-0.43,1458822234080,"Cancer Research","CAW"
"4715980194554981",-6.83,1458816984828,"RSPCA","CCW"
"99520376",0,1458829412380,"Transfer from Current Account to Savings","SAW"
"4791486375",0,1458767668599,"Transfer from Current Account to Savings","SAW"
"99520376",0,1458881703526,"Transfer from Current Account to Savings","SAW"
"4791486375",0,1458910813912,"Transfer from Current Account to Savings","SAW"
"4791486375",1800,1458990094520,"Salary BACS Payment","BAC"
"4791486375",-16.12,1458936891910,"Uber","CAW"
"4791486375",-9.96,1459005118215,"Lidl","CAW"
"4791486375",-10.74,1458950077905,"Uber","CAW"
"4791486375",-4.44,1458958478096,"Subway","CAW"
"4791486375",-23.58,1458959241584,"Lush","CAW"
"4791486375",-4.53,1458926521818,"RSPCA","CAW"
"4791486375",-1.28,1458948313333,"Wonga","CAW"
"4791486375",-7.97,1459018744158,"Sky Digital","D/D"
"4791486375",-12.56,1459037511317,"Uber","CAW"
"4791486375",-5.91,1459148127093,"RSPCA","CAW"
"4791486375",-6.47,1459135749476,"Barclaycard","CAW"
"4791486375",-23.4,1459128504421,"Odeon Cinemas","CAW"
"99520376",0,1459178661948,"Transfer from Current Account to Savings","SAW"
"4791486375",0,1459103897155,"Transfer from Current Account to Savings","SAW"
"4791486375",2.26,1459203123042,"Alan Scott","CAD"
"4791486375",-4.84,1459240344004,"Cancer Research","CAW"
"4791486375",-0.01,1459222380190,"Superdrug","CAW"
"4791486375",-34.52,1459199373218,"Supercuts","CAW"
"4791486375",-15.77,1459199393162,"McColls","CAW"
"4791486375",-15.27,1459292719775,"Bodyshop","CAW"
"4791486375",-2.81,1459268912563,"Wonga","CAW"
"4791486375",-17.51,1459348994464,"Shelter","CAW"
"4791486375",-20.49,1459468123679,"Spotify","CAW"
"99520376",0,1459514547545,"Transfer from Current Account to Savings","SAW"
"4791486375",0,1459458003139,"Transfer from Current Account to Savings","SAW"
"4791486375",-2.13,1459526734457,"NBS Personal Loan","D/D"
"4791486375",-5.26,1459576494538,"Barclaycard","CAW"
"4791486375",-12.24,1459610230527,"National Rail","CAW"
"4791486375",-2.1,1459563028337,"Barclaycard","CAW"
"4791486375",-11.34,1459542817619,"Cancer Research","CAW"
"4791486375",-23.69,1459525330724,"National Rail","CAW"
"4791486375",-18.48,1459602186976,"Lidl","CAW"
"4791486375",-18.35,1459565192573,"GWR","CAW"
"4791486375",-16.85,1459568278943,"GWR","CAW"
"4791486375",-4.82,1459588344537,"Bodyshop","CAW"
"4791486375",-19.9,1459613849575,"Spotify","CAW"
"4791486375",-23.45,1459655124021,"Bodyshop","CAW"
"4791486375",-13.38,1459669916678,"National Rail","CAW"
"4791486375",-15.68,1459774362804,"Bodyshop","CAW"
"4791486375",0.98,1459771930640,"Alan Scott","CAD"
"4791486375",-10.67,1459896456022,"WWF","CAW"
"4791486375",-20.28,1459961471562,"Virgin Media","D/D"
"4791486375",-59.5,1460019848429,"Payment received thank you","CCD"
"4715980194554981",59.5,1460033847384,"Payment received thank you","CCD"
"4715980194554981",-7.83,1460022023062,"McColls","CCW"
"4791486375",-16,1460081976998,"Matalan","CAW"
"4791486375",0.01,1460059744529,"Brenda Ward","CAD"
"4791486375",6.95,1460096481882,"Interest","CAD"
"4791486375",-12.64,1460111877161,"GWR","CAW"
"4791486375",-2.63,1460125495051,"Supercuts","CAW"
"4715980194554981",-26.06,1460081891769,"Matalan","CCW"
"99520376",0.07,1460054973687,"Transfer from Savings to Current Account","SAD"
"4791486375",-0.07,1460085682134,"Transfer from Savings to Current Account","SAD"
"4791486375",-540,1460139858124,"Rent","D/D"
"4791486375",-17.24,1460165169832,"GWR","CAW"
"4791486375",-8.65,1460187729942,"Oxfam","CAW"
"4791486375",-24.81,1460197080549,"Lush","CAW"
"4791486375",-1.74,1460196524240,"Odeon Cinemas","CAW"
"4791486375",-13.68,1460179292685,"Subway","CAW"
"4715980194554981",-17.78,1460154971043,"National Rail","CCW"
"99520376",-0.07,1460201645129,"Transfer from Current Account to Savings","SAW"
"4791486375",0.07,1460180250195,"Transfer from Current Account to Savings","SAW"
"4791486375",-8.15,1460291116061,"Lush","CAW"
"4715980194554981",-17.89,1460268788041,"Odeon Cinemas","CCW"
"4791486375",-179.45,1460274573110,"Payment received thank you","CCD"
"4715980194554981",179.45,1460233258336,"Payment received thank you","CCD"
"4715980194554981",-7.83,1460241178706,"Hitachi Personal Finance","CCW"
"4715980194554981",-0.4,1460249754804,"Cancer Research","CCW"
"4715980194554981",-8.77,1460234736412,"RSPCA","CCW"
"4791486375",-7.65,1460360344509,"Lidl","CAW"
"4791486375",-7.5,1460330718546,"RSPCA","CAW"
"4791486375",-31.82,1460366893496,"Primark","CAW"
"4715980194554981",-10.07,1460337190061,"Primark","CCW"
"4715980194554981",-2.17,1460336837054,"Oxfam","CCW"
"99520376",0,1460405441069,"Transfer from Current Account to Savings","SAW"
"4791486375",0,1460423158804,"Transfer from Current Account to Savings","SAW"
"4791486375",-28.16,1460641360409,"Superdrug","CAW"
"4715980194554981",-22.57,1460586832318,"Spotify","CCW"
"4715980194554981",-16.26,1460729311123,"GWR","CCW"
"4715980194554981",-24.54,1460669266886,"National Rail","CCW"
"4715980194554981",-26.6,1460754725161,"Primark","CCW"
"4715980194554981",-28.52,1460889349738,"Bodyshop","CCW"
"4715980194554981",-11.74,1460895975631,"McColls","CCW"
"4715980194554981",-27.27,1460876731632,"Bodyshop","CCW"
"4791486375",1.22,1460915192381,"Nicole Bailey","CAD"
"4715980194554981",-0.86,1460935088563,"Wonga","CCW"
"4715980194554981",-4.44,1461021274669,"Wonga","CCW"
"4791486375",-16.41,1461222711053,"Groupon","CAW"
"4715980194554981",-15.24,1461247107956,"National Rail","CCW"
"4791486375",2.33,1461361003902,"Nicole Bailey","CAD"
"4715980194554981",-14.85,1461384450134,"Shelter","CCW"
"4715980194554981",-11.76,1461340136268,"Hitachi Personal Finance","CCW"
"4791486375",-0.56,1461474317029,"Thames Water","D/D"
"4715980194554981",-0.01,1461534923466,"Shelter","CCW"
"4791486375",1800,1461665545364,"Salary BACS Payment","BAC"
"4791486375",-9.89,1461602248935,"Groupon","CAW"
"4791486375",-3.63,1461610863522,"Spotify","CAW"
"4791486375",-138.1,1461665847206,"Payment received thank you","CCD"
"4715980194554981",138.1,1461654889895,"Payment received thank you","CCD"
"4715980194554981",-7.76,1461619937327,"Cancer Research","CCW"
"4791486375",-7.97,1461742964732,"Sky Digital","D/D"
"4791486375",-5.95,1461690331453,"Cancer Research","CAW"
"4791486375",-26.73,1461767562363,"Matalan","CAW"
"4791486375",2.83,1461769077208,"Nicole Bailey","CAD"
"4791486375",-20.23,1461728912235,"Lush","CAW"
"4715980194554981",-15.05,1461751824594,"National Rail","CCW"
"4715980194554981",-0.01,1461734269077,"Matalan","CCW"
"4791486375",4.28,1461800652465,"Nicole Bailey","CAD"
"4791486375",0.8,1461824462060,"Denise Patterson","CAD"
"4715980194554981",-8.69,1461779040209,"Oxfam","CCW"
"4791486375",-232.35,1461780488690,"Payment received thank you","CCD"
"4715980194554981",232.35,1461844911131,"Payment received thank you","CCD"
"4715980194554981",-18.51,1461830650384,"Sports Direct","CCW"
"4791486375",-145.5,1461854231113,"Payment received thank you","CCD"
"4715980194554981",145.5,1461836159151,"Payment received thank you","CCD"
"4715980194554981",-1.47,1461777593505,"Wonga","CCW"
"4791486375",17.42,1461912930148,"Alan Scott","CAD"
"4791486375",4.81,1461890281330,"Alan Scott","CAD"
"4791486375",-7.71,1461903760746,"Oxfam","CAW"
"4791486375",-2.4,1461874351243,"RSPCA","CAW"
"4791486375",-14.83,1461904117362,"Uber","CAW"
"4715980194554981",-21.39,1461924218777,"Odeon Cinemas","CCW"
"4715980194554981",-5.68,1461995913096,"Shelter","CCW"
"4791486375",-2.66,1462058159383,"American Express","CAW"
"4791486375",-24.58,1462057335240,"Sports Direct","CAW"
"4791486375",-3.86,1462091538701,"Bodyshop","CAW"
"4791486375",-3.54,1462065736440,"American Express","CAW"
"4791486375",-6.28,1462061710022,"Hitachi Personal Finance","CAW"
"4715980194554981",-11.89,1462056428533,"Odeon Cinemas","CCW"
"4791486375",-2.13,1462197047029,"NBS Personal Loan","D/D"
"4791486375",-211.53,1462164890098,"Payment received thank you","CCD"
"4715980194554981",211.53,1462158320796,"Payment received thank you","CCD"
"4791486375",-7.72,1462213553035,"GWR","CAW"
"4791486375",-105.44,1462273105212,"Payment received thank you","CCD"
"4715980194554981",105.44,1462204930183,"Payment received thank you","CCD"
"4715980194554981",-17.51,1462268657884,"Lidl","CCW"
"4791486375",-13.26,1462345876515,"GWR","CAW"
"4715980194554981",-1.59,1462372422755,"American Express","CCW"
"4791486375",-15.77,1462388867535,"Lidl","CAW"
"4715980194554981",-12.7,1462435572185,"Uber","CCW"
"4791486375",-19.45,1462515880945,"Uber","CAW"
"4791486375",-14.32,1462479470579,"McColls","CAW"
"4715980194554981",-8.85,1462511485097,"GWR","CCW"
"4715980194554981",-0.01,1462502174727,"Wonga","CCW"
"4715980194554981",-19.14,1462496462952,"Bodyshop","CCW"
"4715980194554981",-10.3,1462537719705,"WWF","CCW"
"4791486375",-43.43,1462474755535,"Payment received thank you","CCD"
"4715980194554981",43.43,1462480267360,"Payment received thank you","CCD"
"99520376",0,1462497680376,"Transfer from Current Account to Savings","SAW"
"4791486375",0,1462480397870,"Transfer from Current Account to Savings","SAW"
"4791486375",-20.28,1462564180719,"Virgin Media","D/D"
"4791486375",6.85,1462673907637,"Denise Patterson","CAD"
"4791486375",-2.2,1462671580360,"Payment received thank you","CCD"
"4715980194554981",2.2,1462702088233,"Payment received thank you","CCD"
"4791486375",-540,1462730033733,"Rent","D/D"
"4715980194554981",-17.81,1462797144618,"Lush","CCW"
"4715980194554981",-4.2,1462842970001,"Lidl","CCW"
"4715980194554981",-21.24,1462917342856,"Groupon","CCW"
"4715980194554981",-7.2,1462923507807,"Lush","CCW"
"4791486375",-18.63,1463015587314,"GWR","CAW"
"4791486375",-5.76,1463101025578,"Shelter","CAW"
"4791486375",-0.1,1463140079112,"Oxfam","CAW"
"4791486375",0.51,1463124707879,"Lori Alexander","CAD"
"4791486375",-6.02,1463099120034,"Shelter","CAW"
"4715980194554981",-20.11,1463197745657,"GWR","CCW"
"99520376",0,1463169880839,"Transfer from Current Account to Savings","SAW"
"4791486375",0,1463204783182,"Transfer from Current Account to Savings","SAW"
"4791486375",-9.9,1463330440602,"Supercuts","CAW"
"4715980194554981",-13.06,1463346006553,"Superdrug","CCW"
"4715980194554981",-10.6,1463330793375,"Primark","CCW"
"99520376",0,1463417127644,"Transfer from Current Account to Savings","SAW"
"4791486375",0,1463443022375,"Transfer from Current Account to Savings","SAW"
"4715980194554981",-0.14,1463518851819,"Primark","CCW"
"4715980194554981",-16.19,1463596280665,"National Rail","CCW"
"4715980194554981",-33.98,1463596912779,"Primark","CCW"
"4791486375",-5.13,1463809211097,"Bodyshop","CAW"
"4791486375",-12.62,1463854505978,"RSPCA","CAW"
"4715980194554981",-0.01,1463983906915,"Oxfam","CCW"
"4715980194554981",-9.71,1463951829957,"Groupon","CCW"
"4715980194554981",-7.28,1463955986169,"Wonga","CCW"
"4715980194554981",-0.13,1463936539005,"Hitachi Personal Finance","CCW"
"4715980194554981",-28.38,1463951468738,"Primark","CCW"
"4715980194554981",-10.89,1463949467197,"Uber","CCW"
"4791486375",-0.56,1464029082647,"Thames Water","D/D"
"4715980194554981",-11.09,1464089595473,"Save the Children","CCW"
"4715980194554981",-18.02,1464033961985,"Uber","CCW"
"4715980194554981",-11.01,1464158654313,"Primark","CCW"
"4715980194554981",-2.39,1464126427475,"WWF","CCW"
"4791486375",1800,1464192831265,"Salary BACS Payment","BAC"
"4791486375",-10.7,1464253406941,"National Rail","CAW"
"4791486375",-3.18,1464266182266,"Shelter","CAW"
"4791486375",-19.11,1464261337963,"Odeon Cinemas","CAW"
"4791486375",-11.89,1464224354809,"National Rail","CAW"
"4791486375",-0.01,1464249122532,"RSPCA","CAW"
"4791486375",-13.35,1464234336434,"National Rail","CAW"
"4715980194554981",-15.94,1464222065955,"Uber","CCW"
"4715980194554981",-9.13,1464222119903,"Groupon","CCW"
"99520376",0,1464235507584,"Transfer from Current Account to Savings","SAW"
"4791486375",0,1464198434862,"Transfer from Current Account to Savings","SAW"
"4791486375",-7.97,1464308459175,"Sky Digital","D/D"
"4791486375",-5.53,1464328330828,"WWF","CAW"
"4715980194554981",-6.06,1464293913621,"Subway","CCW"
"4791486375",5.41,1464414531020,"Nicole Bailey","CAD"
"4791486375",-5.46,1464397995610,"Matalan","CAW"
"4791486375",-21.7,1464446354720,"Payment received thank you","CCD"
"4715980194554981",21.7,1464431709961,"Payment received thank you","CCD"
"4791486375",-25.18,1464472413293,"Primark","CAW"
"4791486375",-204.89,1464535558561,"Payment received thank you","CCD"
"4715980194554981",204.89,1464535196190,"Payment received thank you","CCD"
"4791486375",-13.62,1464721566409,"GWR","CAW"
"4791486375",-15.63,1464779319600,"National Rail","CAW"
"4791486375",-2.13,1464804370066,"NBS Personal Loan","D/D"
"4791486375",-21.87,1464860300128,"Lush","CAW"
"4791486375",6.8,1465041452309,"Lori Alexander","CAD"
"4791486375",-28.67,1465047740326,"Matalan","CAW"
"4715980194554981",-14.37,1465003997460,"National Rail","CCW"
"4715980194554981",-0.01,1465042538920,"Cancer Research","CCW"
"4791486375",-9.64,1465110684782,"National Rail","CAW"
"4715980194554981",-0.44,1465135702553,"WWF","CCW"
"4791486375",-19,1465113810602,"Payment received thank you","CCD"
"4715980194554981",19,1465107378384,"Payment received thank you","CCD"
"4715980194554981",-8.98,1465071496065,"GWR","CCW"
"4715980194554981",-13.4,1465145179985,"Uber","CCW"
"4791486375",-20.28,1465289181627,"Virgin Media","D/D"
"4791486375",-2.07,1465254923130,"Oxfam","CAW"
"4715980194554981",-32.5,1465287118696,"Bodyshop","CCW"
"4791486375",-15,1465393208423,"Odeon Cinemas","CAW"
"4791486375",-1.52,1465351941863,"WWF","CAW"
"4791486375",2.58,1465317577282,"Brenda Ward","CAD"
"4791486375",-9.26,1465321122928,"Sports Direct","CAW"
"4715980194554981",-11.47,1465359481942,"McColls","CCW"
"4791486375",-540,1465434342818,"Rent","D/D"
"4791486375",-13.36,1465475574588,"GWR","CAW"
"4791486375",-20.65,1465447809548,"Payment received thank you","CCD"
"4715980194554981",20.65,1465430352236,"Payment received thank you","CCD"
"4791486375",-3.27,1465512307318,"Hitachi Personal Finance","CAW"
"4715980194554981",-4.31,1465507628749,"Superdrug","CCW"
"99520376",0,1465518105480,"Transfer from Current Account to Savings","SAW"
"4791486375",0,1465507724892,"Transfer from Current Account to Savings","SAW"
"4791486375",14.33,1465625500496,"Alan Scott","CAD"
"4791486375",4.72,1465628130322,"Nicole Bailey","CAD"
"4791486375",-1.95,1465594045890,"WWF","CAW"
"4791486375",-19.92,1465582319474,"McColls","CAW"
"4791486375",-11.97,1465632116432,"Save the Children","CAW"
"4791486375",-215.73,1465584692919,"Payment received thank you","CCD"
"4715980194554981",215.73,1465622192966,"Payment received thank you","CCD"
"4791486375",-5.01,1465730409366,"Cancer Research","CAW"
"4715980194554981",-3.74,1465702070404,"Superdrug","CCW"
"4791486375",-17.39,1465807864003,"GWR","CAW"
"4791486375",-16.69,1465788115708,"Superdrug","CAW"
"4791486375",-6.77,1465746143491,"Cancer Research","CAW"
"4791486375",-253.09,1465787465975,"Payment received thank you","CCD"
"4715980194554981",253.09,1465749247590,"Payment received thank you","CCD"
"4715980194554981",-19.59,1465809710903,"National Rail","CCW"
"4791486375",-161.79,1465827650753,"Payment received thank you","CCD"
"4715980194554981",161.79,1465785952400,"Payment received thank you","CCD"
"4715980194554981",-4.29,1465761129752,"Shelter","CCW"
"4715980194554981",-11.98,1465874512924,"Odeon Cinemas","CCW"
"4791486375",-39.49,1465881686148,"Payment received thank you","CCD"
"4715980194554981",39.49,1465845629156,"Payment received thank you","CCD"
"4715980194554981",-15.04,1465862657555,"Supercuts","CCW"
"4715980194554981",-5.69,1465944409252,"Bodyshop","CCW"
"4791486375",-1.59,1466085249669,"Subway","CAW"
"4715980194554981",-8.05,1466175344946,"Uber","CCW"
"4715980194554981",-16.48,1466103024584,"Lush","CCW"
"4715980194554981",-3.14,1466097112996,"Oxfam","CCW"
"4715980194554981",-2.03,1466144246541,"WWF","CCW"
"4715980194554981",-37.1,1466091833758,"Matalan","CCW"
"4715980194554981",-7.09,1466114751587,"Spotify","CCW"
"4715980194554981",-13.52,1466091590064,"GWR","CCW"
"4715980194554981",-15.48,1466155266861,"National Rail","CCW"
"4715980194554981",-14.41,1466122756063,"Matalan","CCW"
"4715980194554981",-24.83,1466229875251,"Supercuts","CCW"
"4791486375",-8.33,1466313497803,"Bodyshop","CAW"
"4715980194554981",-2.25,1466301293639,"American Express","CCW"
"4791486375",-0.01,1466411191836,"Primark","CAW"
"4715980194554981",-10.95,1466397366192,"GWR","CCW"
"4715980194554981",-35.8,1466596978278,"Groupon","CCW"
"4715980194554981",-19.21,1466614699814,"Sports Direct","CCW"
"4715980194554981",-4.3,1466679505180,"Barclaycard","CCW"
"4791486375",-0.56,1466714046812,"Thames Water","D/D"
"4791486375",10.18,1466771066556,"Lori Alexander","CAD"
"4791486375",-11.62,1466706854329,"Save the Children","CAW"
"4715980194554981",-0.01,1466802326098,"RSPCA","CCW"
"4791486375",1800,1466878391139,"Salary BACS Payment","BAC"
"4791486375",-20.44,1466901097828,"Uber","CAW"
"4791486375",-0.01,1466952949623,"Hitachi Personal Finance","CAW"
"4715980194554981",-21.53,1466948487517,"Subway","CCW"
"4791486375",-7.97,1467035718023,"Sky Digital","D/D"
"4715980194554981",-15.78,1467017378875,"Odeon Cinemas","CCW"
"4791486375",-213.91,1467049483433,"Payment received thank you","CCD"
"4715980194554981",213.91,1467070967394,"Payment received thank you","CCD"
"4715980194554981",-8.9,1467075255761,"Barclaycard","CCW"
"4791486375",-49.32,1467080619623,"Payment received thank you","CCD"
"4715980194554981",49.32,1467075527033,"Payment received thank you","CCD"
"4791486375",-0.01,1467212169465,"Lidl","CAW"
"4791486375",-0.01,1467164163709,"American Express","CAW"
"4715980194554981",-18.76,1467156014615,"McColls","CCW"
"4791486375",-0.01,1467220213822,"Cancer Research","CAW"
"4715980194554981",-8.61,1467258493864,"National Rail","CCW"
"4791486375",-6.5,1467324754570,"GWR","CAW"
"4791486375",-2.13,1467399387925,"NBS Personal Loan","D/D"
"4791486375",-16.6,1467466934262,"Uber","CAW"
"4715980194554981",-28.19,1467448337594,"Lush","CCW"
"4715980194554981",-9.58,1467440176874,"Cancer Research","CCW"
"4791486375",-4.24,1467559724207,"Hitachi Personal Finance","CAW"
"4791486375",-26.38,1467539370810,"Odeon Cinemas","CAW"
"4715980194554981",-16.84,1467583381359,"Lidl","CCW"
"4791486375",-9.68,1467673783692,"National Rail","CAW"
"4715980194554981",-13.01,1467649080536,"Spotify","CCW"
"4791486375",-20.28,1467856713362,"Virgin Media","D/D"
"4791486375",-1.32,1467878873543,"Shelter","CAW"
"4791486375",-15.68,1467838010630,"GWR","CAW"
"4791486375",-31.49,1467857463233,"Payment received thank you","CCD"
"4715980194554981",31.49,1467853209573,"Payment received thank you","CCD"
"4791486375",-540,1468058315575,"Rent","D/D"
"4791486375",-19.46,1468071806137,"Matalan","CAW"
"4791486375",-11.53,1468055749601,"Lidl","CAW"
"4715980194554981",-0.01,1468023438517,"American Express","CCW"
"4791486375",-164.52,1468027582728,"Payment received thank you","CCD"
"4715980194554981",164.52,1468061639036,"Payment received thank you","CCD"
"4715980194554981",-10.02,1468048937011,"Supercuts","CCW"
"4715980194554981",-5.63,1468073448376,"Save the Children","CCW"
"4791486375",-0.01,1468124679685,"Cancer Research","CAW"
"4791486375",-4.71,1468140566051,"Bodyshop","CAW"
"4791486375",-20.15,1468205106762,"Spotify","CAW"
"4715980194554981",-1,1468238729421,"Wonga","CCW"
"4715980194554981",-14.64,1468310872575,"Lush","CCW"
"4791486375",-335.22,1468272325626,"Payment received thank you","CCD"
"4715980194554981",335.22,1468258862494,"Payment received thank you","CCD"
"4715980194554981",-9.21,1468421356947,"Barclaycard","CCW"
"4715980194554981",-11.28,1468402143775,"Uber","CCW"
"4715980194554981",-1.79,1468431032824,"Cancer Research","CCW"
"4791486375",-9.42,1468533697023,"Cancer Research","CAW"
"4791486375",-5.12,1468554779478,"Payment received thank you","CCD"
"4715980194554981",5.12,1468514863195,"Payment received thank you","CCD"
"4715980194554981",-11.96,1468567203873,"Uber","CCW"
"4715980194554981",-13.27,1468548453352,"Uber","CCW"
"4715980194554981",-11.59,1468551822682,"National Rail","CCW"
"4791486375",3.01,1468610505877,"Alan Scott","CAD"
"4791486375",5.35,1468660923955,"Interest","CAD"
"4791486375",-16.14,1468600344168,"Lidl","CAW"
"4715980194554981",-23.88,1468612346569,"McColls","CCW"
"4715980194554981",-12.69,1468675906893,"Subway","CCW"
"4715980194554981",-17.23,1468633937753,"National Rail","CCW"
"4791486375",-4.31,1468737137778,"Sports Direct","CAW"
"4791486375",-21.36,1468703271822,"Subway","CAW"
"4715980194554981",-5.87,1468754742289,"Save the Children","CCW"
"4791486375",-12.55,1468861591712,"GWR","CAW"
"4791486375",2.49,1468946233325,"Denise Patterson","CAD"
"4791486375",3.97,1468974773868,"Alan Scott","CAD"
"4791486375",-21.85,1469189484357,"Subway","CAW"
"4791486375",0.24,1469199465440,"Nicole Bailey","CAD"
"4715980194554981",-13.64,1469168025465,"National Rail","CCW"
"4715980194554981",-2.72,1469256445695,"Save the Children","CCW"
"4715980194554981",-10.04,1469269673781,"Shelter","CCW"
"4791486375",-0.56,1469344942342,"Thames Water","D/D"
"4715980194554981",-16.06,1469325382173,"Groupon","CCW"
"4715980194554981",-4.89,1469453412624,"National Rail","CCW"
"4715980194554981",-17.38,1469381066291,"Uber","CCW"
"4791486375",1800,1469520339490,"Salary BACS Payment","BAC"
"4791486375",-12.3,1469532908457,"Groupon","CAW"
"4791486375",-9.92,1469544875841,"WWF","CAW"
"4791486375",-10.14,1469494808488,"Cancer Research","CAW"
"4791486375",-5.82,1469535049887,"RSPCA","CAW"
"4715980194554981",-14.92,1469476085635,"Supercuts","CCW"
"4791486375",-7.97,1469583252354,"Sky Digital","D/D"
"4791486375",-10.5,1469629112125,"Bodyshop","CAW"
"4791486375",0.06,1469593538010,"Denise Patterson","CAD"
"4715980194554981",-12.52,1469599451077,"GWR","CCW"
"4715980194554981",-21.39,1469606793062,"Primark","CCW"
"4791486375",-11.46,1469702590123,"National Rail","CAW"
"4791486375",-5.64,1469692239042,"Primark","CAW"
"4791486375",-51.05,1469656220325,"Payment received thank you","CCD"
"4715980194554981",51.05,1469662053396,"Payment received thank you","CCD"
"4715980194554981",-1.91,1469762800607,"Wonga","CCW"
"4791486375",-34.66,1469859236810,"Groupon","CAW"
"4715980194554981",-5.66,1469891559299,"Save the Children","CCW"
"4715980194554981",-29.16,1469892391726,"Matalan","CCW"
"4791486375",-144.01,1469861157213,"Payment received thank you","CCD"
"4715980194554981",144.01,1469886719710,"Payment received thank you","CCD"
"4715980194554981",-4.85,1469847795575,"Save the Children","CCW"
"4791486375",-15.21,1469958522716,"Cancer Research","CAW"
"4715980194554981",-17.53,1469933850135,"Uber","CCW"
"4791486375",-23.33,1469987416813,"Uber","CAW"
"4791486375",-7.43,1469986072985,"National Rail","CAW"
"4715980194554981",-19.15,1470065377455,"GWR","CCW"
"4715980194554981",-5.36,1469981713473,"Shelter","CCW"
"4715980194554981",-0.01,1470059026638,"American Express","CCW"
"4791486375",-2.13,1470133953142,"NBS Personal Loan","D/D"
"4791486375",-1.94,1470069314262,"Hitachi Personal Finance","CAW"
"4791486375",-11.87,1470136535593,"Bodyshop","CAW"
"4791486375",-3.81,1470080890937,"Superdrug","CAW"
"4791486375",-2.72,1470100690348,"WWF","CAW"
"4715980194554981",-26.75,1470073776502,"Spotify","CCW"
"4715980194554981",-0.01,1470091439132,"Cancer Research","CCW"
"4791486375",-9.8,1470190504136,"Groupon","CAW"
"4791486375",-20.82,1470303674303,"Uber","CAW"
"4791486375",-34.74,1470240267167,"Primark","CAW"
"4791486375",-124.42,1470257327797,"Payment received thank you","CCD"
"4715980194554981",124.42,1470277378966,"Payment received thank you","CCD"
"4715980194554981",-27.23,1470317482254,"McColls","CCW"
"4715980194554981",-7.24,1470387292584,"Wonga","CCW"
"4715980194554981",-7.49,1470325735937,"Uber","CCW"
"99520376",0,1470343792515,"Transfer from Current Account to Savings","SAW"
"4791486375",0,1470336741269,"Transfer from Current Account to Savings","SAW"
"4791486375",4.93,1470430778322,"Nicole Bailey","CAD"
"4791486375",-0.28,1470412065962,"Sports Direct","CAW"
"4715980194554981",-4.44,1470433183684,"Save the Children","CCW"
"4791486375",-20.28,1470522312664,"Virgin Media","D/D"
"4715980194554981",-2.07,1470569094025,"Oxfam","CCW"
"4715980194554981",-6.25,1470543484627,"Wonga","CCW"
"4715980194554981",-24.79,1470559227486,"Supercuts","CCW"
"4791486375",-17.89,1470662350263,"Groupon","CAW"
"4715980194554981",-24.83,1470631177073,"Subway","CCW"
"4715980194554981",-7.73,1470619492154,"WWF","CCW"
"4791486375",-540,1470680213996,"Rent","D/D"
"4791486375",-19.56,1470690124755,"GWR","CAW"
"4791486375",-27.53,1470754923112,"McColls","CAW"
"4791486375",-17.58,1470680122853,"Odeon Cinemas","CAW"
"4791486375",-9.44,1470711943275,"Groupon","CAW"
"4791486375",-1.14,1470681242755,"Oxfam","CAW"
"4791486375",-18.58,1470719289653,"Uber","CAW"
"4715980194554981",-0.01,1470718278844,"RSPCA","CCW"
"4791486375",-106.12,1470728751019,"Payment received thank you","CCD"
"4715980194554981",106.12,1470699976319,"Payment received thank you","CCD"
"4791486375",-88.1,1470677821824,"Payment received thank you","CCD"
"4715980194554981",88.1,1470704023815,"Payment received thank you","CCD"
"4715980194554981",-23.1,1470675346127,"Odeon Cinemas","CCW"
"4715980194554981",-13.42,1470697136094,"Matalan","CCW"
"4791486375",-17.98,1470911856421,"GWR","CAW"
"4715980194554981",-1.02,1470869147492,"Save the Children","CCW"
"4791486375",-44.08,1470879321984,"Payment received thank you","CCD"
"4715980194554981",44.08,1470887084824,"Payment received thank you","CCD"
"4715980194554981",-19.28,1470900262730,"Supercuts","CCW"
"4715980194554981",-29.2,1470891038469,"GWR","CCW"
"4791486375",-12.62,1470962559337,"National Rail","CAW"
"4791486375",-12.46,1470948732756,"Uber","CAW"
"4715980194554981",-1.92,1471013642872,"Sports Direct","CCW"
"4715980194554981",-7.52,1471029642363,"Primark","CCW"
"4715980194554981",-19.66,1471038915464,"Superdrug","CCW"
"4791486375",14.62,1471249392922,"Brenda Ward","CAD"
"4791486375",-15.4,1471235347088,"Lidl","CAW"
"4791486375",-14.92,1471246805587,"Supercuts","CAW"
"4791486375",-21.63,1471249570181,"Uber","CAW"
"4791486375",-1.38,1471261105125,"American Express","CAW"
"4791486375",-99.48,1471375826500,"Payment received thank you","CCD"
"4715980194554981",99.48,1471377213304,"Payment received thank you","CCD"
"4715980194554981",-14.88,1471495828977,"Odeon Cinemas","CCW"
"4791486375",-1.83,1471602081692,"Barclaycard","CAW"
"4791486375",-9.63,1471577167321,"American Express","CAW"
"4791486375",-0.01,1471547885321,"Primark","CAW"
"4715980194554981",-12.01,1471587828514,"Lidl","CCW"
"4715980194554981",-26.94,1471584162062,"GWR","CCW"
"4715980194554981",-0.01,1471577271502,"Bodyshop","CCW"
"4715980194554981",-16.38,1471701226234,"GWR","CCW"
"4715980194554981",-8.17,1471673762230,"McColls","CCW"
"4715980194554981",-19.67,1471784654203,"Uber","CCW"
"99520376",0.9999999999983024,1471772420438,"Transfer from Savings to Current Account","SAD"
"4791486375",-0.9999999999983024,1471757785367,"Transfer from Savings to Current Account","SAD"
"4715980194554981",-0.97,1471835302795,"Oxfam","CCW"
"4715980194554981",-4.98,1471860070384,"Uber","CCW"
"4715980194554981",-12.31,1471957320405,"Uber","CCW"
"4715980194554981",-19.88,1471902627090,"Primark","CCW"
"4715980194554981",-25.29,1471939512828,"Superdrug","CCW"
"4791486375",-0.56,1471968726494,"Thames Water","D/D"
"4715980194554981",-15.82,1472009659586,"National Rail","CCW"
"4715980194554981",-26.6,1471967233050,"Matalan","CCW"
"4791486375",1800,1472198127382,"Salary BACS Payment","BAC"
"4715980194554981",-10.94,1472163239232,"GWR","CCW"
"4791486375",-7.97,1472255223032,"Sky Digital","D/D"
"4791486375",-14.37,1472230248278,"Subway","CAW"
"4715980194554981",-16.97,1472289192248,"Spotify","CCW"
"4715980194554981",-2.99,1472396151833,"Barclaycard","CCW"
"4715980194554981",-17.54,1472410049102,"Spotify","CCW"
"4791486375",-15.82,1472486108787,"Uber","CAW"
"4791486375",-25.67,1472574051065,"National Rail","CAW"
"4791486375",-17.38,1472617552749,"McColls","CAW"
"4791486375",-51.97,1472606702212,"Payment received thank you","CCD"
"4715980194554981",51.97,1472595533086,"Payment received thank you","CCD"
"4791486375",-88.8,1472571829972,"Payment received thank you","CCD"
"4715980194554981",88.8,1472615309854,"Payment received thank you","CCD"
"4715980194554981",-19.15,1472596842430,"National Rail","CCW"
"4791486375",-2.13,1472745456886,"NBS Personal Loan","D/D"
"4791486375",-3.46,1472780484858,"Lidl","CAW"
"4715980194554981",-9.26,1472753722645,"Subway","CCW"
"4791486375",-21.75,1472861148823,"Primark","CAW"
"4715980194554981",-8.51,1472903017758,"Spotify","CCW"
"4715980194554981",-10.23,1473004984249,"Uber","CCW"
"4791486375",-20.28,1473242730339,"Virgin Media","D/D"
"4791486375",-21.91,1473210361589,"Subway","CAW"
"4791486375",-3.71,1473183587686,"Superdrug","CAW"
"4791486375",-0.01,1473177072958,"Cancer Research","CAW"
"4791486375",-13.1,1473283241021,"GWR","CAW"
"4715980194554981",-17.71,1473324787203,"GWR","CCW"
"4791486375",-540,1473361641185,"Rent","D/D"
"4791486375",-3.6,1473388488532,"Cancer Research","CAW"
"4715980194554981",-9.04,1473399624903,"Barclaycard","CCW"
"4791486375",-4,1473517897382,"Wonga","CAW"
"4715980194554981",-7.4,1473503369108,"Superdrug","CCW"
"4715980194554981",-26.41,1473492510388,"National Rail","CCW"
"4715980194554981",-7.11,1473460091099,"Odeon Cinemas","CCW"
"4791486375",1.92,1473691493611,"Brenda Ward","CAD"
"4715980194554981",-1.41,1473675856632,"Barclaycard","CCW"
"4715980194554981",-12.48,1473779489722,"Uber","CCW"
"4791486375",-12.34,1473862303472,"Shelter","CAW"
"4715980194554981",-13.88,1473853537633,"Uber","CCW"
"4791486375",-17.25,1473914849897,"Groupon","CAW"
"4715980194554981",-14.88,1473946249121,"Barclaycard","CCW"
"4791486375",-11.69,1474016189330,"GWR","CAW"
"4791486375",-0.01,1474012411190,"Matalan","CAW"
"4715980194554981",-10.11,1474025131857,"Bodyshop","CCW"
"4791486375",1.5,1474058903347,"Alan Scott","CAD"
"4715980194554981",-3.58,1474065906626,"Odeon Cinemas","CCW"
"4791486375",-82.92,1474199271766,"Payment received thank you","CCD"
"4715980194554981",82.92,1474200756234,"Payment received thank you","CCD"
"4791486375",-16.02,1474248500981,"National Rail","CAW"
"4715980194554981",-16.28,1474265074357,"Lush","CCW"
"4715980194554981",-7.29,1474332906751,"Superdrug","CCW"
"4791486375",-5.04,1474399316613,"Uber","CAW"
"4791486375",-83.93,1474442518660,"Payment received thank you","CCD"
"4715980194554981",83.93,1474417247972,"Payment received thank you","CCD"
"4715980194554981",-11.64,1474471529590,"National Rail","CCW"
"4715980194554981",-10.09,1474457347260,"GWR","CCW"
"4791486375",-20.59,1474546657388,"Lidl","CAW"
"4791486375",-40.8,1474493370759,"Payment received thank you","CCD"
"4715980194554981",40.8,1474478102302,"Payment received thank you","CCD"
"4715980194554981",-12.12,1474587474014,"Uber","CCW"
"4715980194554981",-22.24,1474600382292,"Primark","CCW"
"4715980194554981",-13.3,1474599363495,"GWR","CCW"
"4791486375",-0.56,1474692291010,"Thames Water","D/D"
"4715980194554981",-14.37,1474727293751,"National Rail","CCW"
"4715980194554981",-15.93,1474681074467,"Matalan","CCW"
"4791486375",-25.83,1474734863996,"Superdrug","CAW"
"4791486375",1800,1474874521428,"Salary BACS Payment","BAC"
"4791486375",-0.01,1474834501911,"Spotify","CAW"
"4791486375",-20.45,1474868362443,"National Rail","CAW"
"4791486375",-1.1,1474852145880,"Cancer Research","CAW"
"4791486375",-17.71,1474897835638,"Matalan","CAW"
"4791486375",-16.32,1474876114628,"Uber","CAW"
"4791486375",-70.39,1474842164771,"Payment received thank you","CCD"
"4715980194554981",70.39,1474851344718,"Payment received thank you","CCD"
"4791486375",-7.97,1474979166421,"Sky Digital","D/D"
"4791486375",6.43,1474922894033,"Brenda Ward","CAD"
"4715980194554981",-2.61,1474933363502,"Subway","CCW"
"99520376",-0.9999999999983024,1474910739323,"Transfer from Current Account to Savings","SAW"
"4791486375",0.9999999999983024,1474939096311,"Transfer from Current Account to Savings","SAW"
"4791486375",-15.21,1474995114850,"Bodyshop","CAW"
"4791486375",-8.47,1475062311884,"Shelter","CAW"
"4791486375",0.72,1475009377723,"Interest","CAD"
"4715980194554981",-7.21,1475031126179,"Matalan","CCW"
"4715980194554981",-8.76,1475044308889,"National Rail","CCW"
"4791486375",-24.3,1475095666210,"GWR","CAW"
"4791486375",-20.9,1475243492252,"Superdrug","CAW"
"4791486375",-82.25,1475242239269,"Payment received thank you","CCD"
"4715980194554981",82.25,1475193291893,"Payment received thank you","CCD"
"4791486375",-2.13,1475412809592,"NBS Personal Loan","D/D"
"4791486375",-3.73,1475358624841,"WWF","CAW"
"4791486375",-12.27,1475358580802,"National Rail","CAW"
"4715980194554981",-23.61,1475494048877,"Lidl","CCW"
"4791486375",-12.14,1475518088709,"Bodyshop","CAW"
"4791486375",-18.98,1475594188244,"National Rail","CAW"
"4791486375",-25.02,1475654475309,"Matalan","CAW"
"4791486375",-0.01,1475629052614,"Spotify","CAW"
"4791486375",-16.77,1475664540754,"GWR","CAW"
"4715980194554981",-19.93,1475645420534,"Oxfam","CCW"
"4791486375",-29.54,1475736058971,"Spotify","CAW"
"4791486375",-12.47,1475686361502,"Spotify","CAW"
"4791486375",-2.85,1475748516844,"RSPCA","CAW"
"4715980194554981",-5.38,1475744931449,"Shelter","CCW"
"4791486375",-20.28,1475822297135,"Virgin Media","D/D"
"4791486375",-2.83,1475823545809,"Superdrug","CAW"
"4791486375",-27.42,1475865778305,"Lidl","CAW"
"4715980194554981",-10.81,1475927920731,"National Rail","CCW"
"4791486375",-540,1475980366425,"Rent","D/D"
"4715980194554981",-16.1,1475953945894,"National Rail","CCW"
"4791486375",-0.01,1476123373093,"Hitachi Personal Finance","CAW"
"4715980194554981",-19.58,1476119594555,"Spotify","CCW"
"4791486375",-85.46,1476206111804,"Payment received thank you","CCD"
"4715980194554981",85.46,1476269411683,"Payment received thank you","CCD"
"4791486375",-2.88,1476359515090,"WWF","CAW"
"4715980194554981",-27.53,1476361296420,"Groupon","CCW"
"4791486375",1.94,1476433765848,"Lori Alexander","CAD"
"4791486375",-7.56,1476529421947,"American Express","CAW"
"4791486375",-19.85,1476580568138,"Uber","CAW"
"4791486375",-16.12,1476671185197,"Uber","CAW"
"4791486375",-34.26,1476722101499,"Groupon","CAW"
"4791486375",-0.01,1476804005810,"RSPCA","CAW"
"4791486375",-19.94,1476780324479,"Uber","CAW"
"4715980194554981",-0.01,1476761197914,"Superdrug","CCW"
"4715980194554981",-32.59,1476728562550,"Supercuts","CCW"
"4791486375",-16.94,1476850522021,"Uber","CAW"
"4791486375",-5.69,1476813868499,"Wonga","CAW"
"4791486375",-15.94,1476927349784,"Uber","CAW"
"4715980194554981",-1.49,1476905203703,"Oxfam","CCW"
"4791486375",-0.24,1476992233171,"Hitachi Personal Finance","CAW"
"4715980194554981",-25.51,1477056886046,"Odeon Cinemas","CCW"
"4715980194554981",-9.69,1477040545653,"WWF","CCW"
"4791486375",-20.54,1477122568810,"Primark","CAW"
"4715980194554981",-10.05,1477137473114,"Oxfam","CCW"
"4791486375",-41.09,1477176232829,"Lidl","CAW"
"4791486375",-1.94,1477150827973,"Hitachi Personal Finance","CAW"
"4715980194554981",-2.31,1477154419982,"Sports Direct","CCW"
"4715980194554981",-9.93,1477171285939,"Odeon Cinemas","CCW"
"4791486375",-0.56,1477269510113,"Thames Water","D/D"
"4791486375",-19.51,1477295802925,"Supercuts","CAW"
"4791486375",-21.61,1477281938214,"National Rail","CAW"
"4791486375",-17.14,1477307250264,"Primark","CAW"
"4791486375",-12.4,1477338903711,"Primark","CAW"
"4791486375",-18.71,1477378067769,"GWR","CAW"
"4791486375",1800,1477488554376,"Salary BACS Payment","BAC"
"4715980194554981",-12.43,1477439509948,"National Rail","CCW"
"4791486375",-7.97,1477529012676,"Sky Digital","D/D"
"4791486375",-16.05,1477515269900,"National Rail","CAW"
"4791486375",-15.96,1477576595683,"GWR","CAW"
"4715980194554981",-17.74,1477542225818,"Uber","CCW"
"4791486375",-30.56,1477540803737,"Payment received thank you","CCD"
"4715980194554981",30.56,1477503857505,"Payment received thank you","CCD"
"4715980194554981",-9.2,1477527929983,"Wonga","CCW"
"4715980194554981",-10.63,1477625545636,"Matalan","CCW"
"4791486375",-2.68,1477727114591,"Payment received thank you","CCD"
"4715980194554981",2.68,1477688310425,"Payment received thank you","CCD"
"4715980194554981",-16.59,1477702622235,"Matalan","CCW"
"4715980194554981",-17.97,1477683527644,"GWR","CCW"
"4715980194554981",-19.21,1477736464855,"Matalan","CCW"
"4715980194554981",-15.06,1477711870921,"GWR","CCW"
"4715980194554981",-4,1477893307603,"Cancer Research","CCW"
"4791486375",-2.13,1478019590400,"NBS Personal Loan","D/D"
"4715980194554981",-20.66,1478044708673,"Odeon Cinemas","CCW"
"4791486375",0.81,1478131223740,"Interest","CAD"
"4715980194554981",-40.99,1478108308284,"Odeon Cinemas","CCW"
"4715980194554981",-17,1478183573816,"Lush","CCW"
"4791486375",-23.21,1478220046370,"GWR","CAW"
"4791486375",-3.38,1478251516480,"American Express","CAW"
"4791486375",-14.92,1478242926929,"GWR","CAW"
"4791486375",-0.01,1478210200458,"McColls","CAW"
"4791486375",-17.63,1478193009186,"Primark","CAW"
"4791486375",-10.42,1478354198430,"National Rail","CAW"
"4791486375",-23.53,1478295912531,"GWR","CAW"
"4791486375",-7.02,1478350713844,"National Rail","CAW"
"4791486375",-16.72,1478343855617,"National Rail","CAW"
"4791486375",-6.49,1478405287179,"GWR","CAW"
"4791486375",-0.01,1478404881037,"Bodyshop","CAW"
"4715980194554981",-16.65,1478419181047,"GWR","CCW"
"4791486375",-20.28,1478504186221,"Virgin Media","D/D"
"4791486375",-9.29,1478528064883,"Hitachi Personal Finance","CAW"
"4791486375",-29.66,1478530491898,"Groupon","CAW"
"4791486375",-11.51,1478492516680,"Payment received thank you","CCD"
"4715980194554981",11.51,1478492881529,"Payment received thank you","CCD"
"4791486375",-8.16,1478574091662,"Superdrug","CAW"
"4715980194554981",-15.99,1478583361185,"Uber","CCW"
"4715980194554981",-11.08,1478607246530,"National Rail","CCW"
"4791486375",-540,1478635752226,"Rent","D/D"
"4715980194554981",-15.14,1478694851682,"Spotify","CCW"
"4791486375",-21.14,1478788325259,"Primark","CAW"
"4791486375",-146.26,1478750472016,"Payment received thank you","CCD"
"4715980194554981",146.26,1478750113341,"Payment received thank you","CCD"
"4715980194554981",-19.79,1478843958965,"Subway","CCW"
"4715980194554981",-0.01,1478821758539,"National Rail","CCW"
"4715980194554981",-38.28,1478874708489,"Lush","CCW"
"4791486375",-6.1,1478909806497,"National Rail","CAW"
"4791486375",-21.16,1478946122241,"National Rail","CAW"
"4715980194554981",-4.27,1478952255610,"Wonga","CCW"
"4791486375",-25.22,1478880582117,"Payment received thank you","CCD"
"4715980194554981",25.22,1478920583440,"Payment received thank you","CCD"
"4791486375",-21.04,1479010036209,"National Rail","CAW"
"4715980194554981",-8.58,1479023982185,"Wonga","CCW"
"4791486375",7.45,1479121455348,"Brenda Ward","CAD"
"4791486375",-14.36,1479122442884,"Spotify","CAW"
"4791486375",-24.15,1479183715072,"Lidl","CAW"
"4715980194554981",-14.82,1479148369372,"Groupon","CCW"
"4715980194554981",-8.7,1479308920629,"GWR","CCW"
"4791486375",-79.86,1479301775097,"Payment received thank you","CCD"
"4715980194554981",79.86,1479294155657,"Payment received thank you","CCD"
"4791486375",-2.31,1479371222689,"RSPCA","CAW"
"4715980194554981",-0.01,1479391377870,"WWF","CCW"
"4715980194554981",-2.25,1479340025721,"Subway","CCW"
"4715980194554981",-15.03,1479375481670,"GWR","CCW"
"4715980194554981",-6.93,1479438267932,"National Rail","CCW"